Workbook

Sheet Overview
A1: CIS Controls IG1 Gap Analysis: Apex Financial Partners (Fictional Firm)
A3: Firm | B3: Apex Financial Partners: 30-person financial advisory and accounting firm (same firm as the risk register)
A4: Framework | B4: CIS Critical Security Controls v8.1, Implementation Group 1 (IG1): 56 safeguards
A5: Why IG1 | B5: IG1 is CIS's 'essential cyber hygiene' baseline for small firms with limited IT and security staff, which fits Apex.
A6: Builds on | B6: Apex risk register (Project 1). The Linked Risk column ties each gap back to a risk ID.
A8: Method
A9: 1. Listed all 56 IG1 safeguards
A10: 2. Described Apex's current state for each, using the risk register where it applies
A11: 3. Scored each safeguard: Implemented / Partial / Not Implemented
A12: 4. Calculated coverage per control and overall
A13: 5. Prioritized gaps and built a 30/60/90-day remediation roadmap
A15: Scoring
A16: Implemented = 1 | B16: Safeguard is in place and covers the whole firm
A17: Partial = 0.5 | B17: Some of it is in place, or it covers only part of the firm
A18: Not Implemented = 0 | B18: Not in place
A19: Priority | B19: High if the linked risk is Critical or High, Medium if Medium, Low if none. Rows raised above this rule explain why in Notes.
A21: Summary (updates automatically)
A22: Safeguards in scope | B22: =COUNTA('Gap Assessment'!A2:A57) -> 56
A23: Safeguards scored | B23: =COUNTA('Gap Assessment'!F2:F57) -> 56
A24: Implemented | B24: =COUNTIF('Gap Assessment'!F2:F57,"Implemented") -> 2
A25: Partial | B25: =COUNTIF('Gap Assessment'!F2:F57,"Partial") -> 11
A26: Not Implemented | B26: =COUNTIF('Gap Assessment'!F2:F57,"Not Implemented") -> 43
A27: Overall IG1 coverage (scored safeguards) | B27: =IFERROR(SUM('Gap Assessment'!G2:G57)/COUNT('Gap Assessment'!G2:G57),"Not scored yet") -> 0.13392857
A29: Fictional firm. All current states and scores are my own judgments for a hypothetical organization. No systems were tested or scanned.
A30: Safeguard IDs and titles: CIS Critical Security Controls v8.1, Center for Internet Security, licensed CC BY-NC-ND 4.0.

Sheet Gap Assessment
A1: Safeguard | B1: CIS Control | C1: Safeguard Title | D1: Security Function | E1: Apex Current State | F1: Status | G1: Score | H1: Linked Risk | I1: State Source | J1: Priority | K1: Notes
A2: 1.1 | B2: 1. Inventory and Control of Enterprise Assets | C2: Establish and Maintain Detailed Enterprise Asset Inventory | D2: Identify | E2: No formal asset inventory. Laptops and phones are tracked informally by the office manager. | F2: Partial | G2: =IF(F2="Implemented",1,IF(F2="Partial",0.5,IF(F2="Not Implemented",0,""))) -> 0.5 | H2: None | I2: New assumption | J2: Medium | K2: Informal tracking exists, but nothing documented or reviewed. Raised to Medium because every other control depends on knowing what assets exist.
A3: 1.2 | B3: 1. Inventory and Control of Enterprise Assets | C3: Address Unauthorized Assets | D3: Respond | E3: No process to find or remove unknown devices on the network. | F3: Not Implemented | G3: =IF(F3="Implemented",1,IF(F3="Partial",0.5,IF(F3="Not Implemented",0,""))) -> 0 | H3: None | I3: New assumption | J3: Low | K3: No process exists; no linked risk.
A4: 2.1 | B4: 2. Inventory and Control of Software Assets | C4: Establish and Maintain a Software Inventory | D4: Identify | E4: No maintained software inventory. Core SaaS tools (CRM, accounting, billing, client portal) are known but not documented. | F4: Not Implemented | G4: =IF(F4="Implemented",1,IF(F4="Partial",0.5,IF(F4="Not Implemented",0,""))) -> 0 | H4: None | I4: New assumption | J4: Low | K4: Tools are known but nothing is documented, so it doesn't count as an inventory.
A5: 2.2 | B5: 2. Inventory and Control of Software Assets | C5: Ensure Authorized Software is Currently Supported | D5: Identify | E5: Software support status is not tracked. VPN gateway is rarely updated. | F5: Not Implemented | G5: =IF(F5="Implemented",1,IF(F5="Partial",0.5,IF(F5="Not Implemented",0,""))) -> 0 | H5: R-09 | I5: Risk register | J5: High | K5: Support status isn't tracked; ties to the outdated VPN (R-09, High).
A6: 2.3 | B6: 2. Inventory and Control of Software Assets | C6: Address Unauthorized Software | D6: Respond | E6: No process to detect or remove unauthorized software; staff can install their own apps. | F6: Not Implemented | G6: =IF(F6="Implemented",1,IF(F6="Partial",0.5,IF(F6="Not Implemented",0,""))) -> 0 | H6: None | I6: New assumption | J6: Low | K6: No process; staff can install apps freely.
A7: 3.1 | B7: 3. Data Protection | C7: Establish and Maintain a Data Management Process | D7: Govern | E7: No documented data management process. Client data is stored in several places. | F7: Not Implemented | G7: =IF(F7="Implemented",1,IF(F7="Partial",0.5,IF(F7="Not Implemented",0,""))) -> 0 | H7: R-02 | I7: Risk register | J7: High | K7: No process; client data sprawl drives R-02 (High).
A8: 3.2 | B8: 3. Data Protection | C8: Establish and Maintain a Data Inventory | D8: Identify | E8: No data inventory; the firm cannot say everywhere client data lives. | F8: Not Implemented | G8: =IF(F8="Implemented",1,IF(F8="Partial",0.5,IF(F8="Not Implemented",0,""))) -> 0 | H8: R-02 | I8: Risk register | J8: High | K8: Can't protect data you can't locate (R-02).
A9: 3.3 | B9: 3. Data Protection | C9: Configure Data Access Control Lists | D9: Protect | E9: No clear access limits on client data. Shared logins are in use. | F9: Not Implemented | G9: =IF(F9="Implemented",1,IF(F9="Partial",0.5,IF(F9="Not Implemented",0,""))) -> 0 | H9: R-01, R-02 | I9: Risk register | J9: High | K9: Shared logins and no access limits (R-01, R-02).
A10: 3.4 | B10: 3. Data Protection | C10: Enforce Data Retention | D10: Protect | E10: No defined retention periods for client or paper records. | F10: Not Implemented | G10: =IF(F10="Implemented",1,IF(F10="Partial",0.5,IF(F10="Not Implemented",0,""))) -> 0 | H10: R-15 | I10: New assumption | J10: Medium | K10: No retention periods; ties to R-15 (Medium).
A11: 3.5 | B11: 3. Data Protection | C11: Securely Dispose of Data | D11: Protect | E11: Shredding bins exist but sit unlocked in a hallway with after-hours cleaner access. | F11: Partial | G11: =IF(F11="Implemented",1,IF(F11="Partial",0.5,IF(F11="Not Implemented",0,""))) -> 0.5 | H11: R-15 | I11: Risk register | J11: Medium | K11: Shredding happens, but bins are unsecured (R-15).
A12: 3.6 | B12: 3. Data Protection | C12: Encrypt Data on End-User Devices | D12: Protect | E12: Laptops and phones lack full-disk encryption; staff travel and work remotely. | F12: Not Implemented | G12: =IF(F12="Implemented",1,IF(F12="Partial",0.5,IF(F12="Not Implemented",0,""))) -> 0 | H12: R-06 | I12: Risk register | J12: High | K12: No full-disk encryption on traveling devices (R-06, High).
A13: 4.1 | B13: 4. Secure Configuration of Enterprise Assets and Software | C13: Establish and Maintain a Secure Configuration Process | D13: Govern | E13: No documented secure configuration standard for laptops or servers. | F13: Not Implemented | G13: =IF(F13="Implemented",1,IF(F13="Partial",0.5,IF(F13="Not Implemented",0,""))) -> 0 | H13: None | I13: New assumption | J13: Low | K13: No configuration standard exists; no linked risk.
... A57: 17.3 | B57: 17. Incident Response Management | C57: Establish and Maintain an Enterprise Process for Reporting Incidents | D57: Govern | E57: No process for staff to report incidents. | F57: Not Implemented | G57: =IF(F57="Implemented",1,IF(F57="Partial",0.5,IF(F57="Not Implemented",0,""))) -> 0 | H57: None | I57: New assumption | J57: Low | K57: No reporting process; no linked risk.

Sheet Control Summary
A1: CIS Control | B1: IG1 Safeguards | C1: Scored | D1: Implemented | E1: Partial | F1: Not Implemented | G1: Coverage
A2: 1. Inventory and Control of Enterprise Assets | B2: =COUNTIF('Gap Assessment'!$B$2:$B$57,A2) -> 2 | C2: =COUNTIFS('Gap Assessment'!$B$2:$B$57,A2,'Gap Assessment'!$F$2:$F$57,"<>") -> 2 | D2: =COUNTIFS('Gap Assessment'!$B$2:$B$57,A2,'Gap Assessment'!$F$2:$F$57,"Implemented") -> 0 | E2: =COUNTIFS('Gap Assessment'!$B$2:$B$57,A2,'Gap Assessment'!$F$2:$F$57,"Partial") -> 1 | F2: =COUNTIFS('Gap Assessment'!$B$2:$B$57,A2,'Gap Assessment'!$F$2:$F$57,"Not Implemented") -> 1 | G2: =IF(C2=0,"-",(D2+0.5*E2)/C2) -> 0.25
A3: 2. Inventory and Control of Software Assets | B3: =COUNTIF('Gap Assessment'!$B$2:$B$57,A3) -> 3 | C3: =COUNTIFS('Gap Assessment'!$B$2:$B$57,A3,'Gap Assessment'!$F$2:$F$57,"<>") -> 3 | D3: =COUNTIFS('Gap Assessment'!$B$2:$B$57,A3,'Gap Assessment'!$F$2:$F$57,"Implemented") -> 0 | E3: =COUNTIFS('Gap Assessment'!$B$2:$B$57,A3,'Gap Assessment'!$F$2:$F$57,"Partial") -> 0 | F3: =COUNTIFS('Gap Assessment'!$B$2:$B$57,A3,'Gap Assessment'!$F$2:$F$57,"Not Implemented") -> 3 | G3: =IF(C3=0,"-",(D3+0.5*E3)/C3) -> 0
A4: 3. Data Protection | B4: =COUNTIF('Gap Assessment'!$B$2:$B$57,A4) -> 6 | C4: =COUNTIFS('Gap Assessment'!$B$2:$B$57,A4,'Gap Assessment'!$F$2:$F$57,"<>") -> 6 | D4: =COUNTIFS('Gap Assessment'!$B$2:$B$57,A4,'Gap Assessment'!$F$2:$F$57,"Implemented") -> 0 | E4: =COUNTIFS('Gap Assessment'!$B$2:$B$57,A4,'Gap Assessment'!$F$2:$F$57,"Partial") -> 1 | F4: =COUNTIFS('Gap Assessment'!$B$2:$B$57,A4,'Gap Assessment'!$F$2:$F$57,"Not Implemented") -> 5 | G4: =IF(C4=0,"-",(D4+0.5*E4)/C4) -> 0.083333333
A5: 4. Secure Configuration of Enterprise Assets and Software | B5: =COUNTIF('Gap Assessment'!$B$2:$B$57,A5) -> 7 | C5: =COUNTIFS('Gap Assessment'!$B$2:$B$57,A5,'Gap Assessment'!$F$2:$F$57,"<>") -> 7 | D5: =COUNTIFS('Gap Assessment'!$B$2:$B$57,A5,'Gap Assessment'!$F$2:$F$57,"Implemented") -> 0 | E5: =COUNTIFS('Gap Assessment'!$B$2:$B$57,A5,'Gap Assessment'!$F$2:$F$57,"Partial") -> 3 | F5: =COUNTIFS('Gap Assessment'!$B$2:$B$57,A5,'Gap Assessment'!$F$2:$F$57,"Not Implemented") -> 4 | G5: =IF(C5=0,"-",(D5+0.5*E5)/C5) -> 0.21428571
A6: 5. Account Management | B6: =COUNTIF('Gap Assessment'!$B$2:$B$57,A6) -> 4 | C6: =COUNTIFS('Gap Assessment'!$B$2:$B$57,A6,'Gap Assessment'!$F$2:$F$57,"<>") -> 4 | D6: =COUNTIFS('Gap Assessment'!$B$2:$B$57,A6,'Gap Assessment'!$F$2:$F$57,"Implemented") -> 0 | E6: =COUNTIFS('Gap Assessment'!$B$2:$B$57,A6,'Gap Assessment'!$F$2:$F$57,"Partial") -> 0 | F6: =COUNTIFS('Gap Assessment'!$B$2:$B$57,A6,'Gap Assessment'!$F$2:$F$57,"Not Implemented") -> 4 | G6: =IF(C6=0,"-",(D6+0.5*E6)/C6) -> 0
A7: 6. Access Control Management | B7: =COUNTIF('Gap Assessment'!$B$2:$B$57,A7) -> 5 | C7: =COUNTIFS('Gap Assessment'!$B$2:$B$57,A7,'Gap Assessment'!$F$2:$F$57,"<>") -> 5 | D7: =COUNTIFS('Gap Assessment'!$B$2:$B$57,A7,'Gap Assessment'!$F$2:$F$57,"Implemented") -> 0 | E7: =COUNTIFS('Gap Assessment'!$B$2:$B$57,A7,'Gap Assessment'!$F$2:$F$57,"Partial") -> 1 | F7: =COUNTIFS('Gap Assessment'!$B$2:$B$57,A7,'Gap Assessment'!$F$2:$F$57,"Not Implemented") -> 4 | G7: =IF(C7=0,"-",(D7+0.5*E7)/C7) -> 0.1
A8: 7. Continuous Vulnerability Management | B8: =COUNTIF('Gap Assessment'!$B$2:$B$57,A8) -> 4 | C8: =COUNTIFS('Gap Assessment'!$B$2:$B$57,A8,'Gap Assessment'!$F$2:$F$57,"<>") -> 4 | D8: =COUNTIFS('Gap Assessment'!$B$2:$B$57,A8,'Gap Assessment'!$F$2:$F$57,"Implemented") -> 0 | E8: =COUNTIFS('Gap Assessment'!$B$2:$B$57,A8,'Gap Assessment'!$F$2:$F$57,"Partial") -> 2 | F8: =COUNTIFS('Gap Assessment'!$B$2:$B$57,A8,'Gap Assessment'!$F$2:$F$57,"Not Implemented") -> 2 | G8: =IF(C8=0,"-",(D8+0.5*E8)/C8) -> 0.25
A9: 8. Audit Log Management | B9: =COUNTIF('Gap Assessment'!$B$2:$B$57,A9) -> 3 | C9: =COUNTIFS('Gap Assessment'!$B$2:$B$57,A9,'Gap Assessment'!$F$2:$F$57,"<>") -> 3 | D9: =COUNTIFS('Gap Assessment'!$B$2:$B$57,A9,'Gap Assessment'!$F$2:$F$57,"Implemented") -> 0 | E9: =COUNTIFS('Gap Assessment'!$B$2:$B$57,A9,'Gap Assessment'!$F$2:$F$57,"Partial") -> 1 | F9: =COUNTIFS('Gap Assessment'!$B$2:$B$57,A9,'Gap Assessment'!$F$2:$F$57,"Not Implemented") -> 2 | G9: =IF(C9=0,"-",(D9+0.5*E9)/C9) -> 0.16666667
A10: 9. Email and Web Browser Protections | B10: =COUNTIF('Gap Assessment'!$B$2:$B$57,A10) -> 2 | C10: =COUNTIFS('Gap Assessment'!$B$2:$B$57,A10,'Gap Assessment'!$F$2:$F$57,"<>") -> 2 | D10: =COUNTIFS('Gap Assessment'!$B$2:$B$57,A10,'Gap Assessment'!$F$2:$F$57,"Implemented") -> 0 | E10: =COUNTIFS('Gap Assessment'!$B$2:$B$57,A10,'Gap Assessment'!$F$2:$F$57,"Partial") -> 1 | F10: =COUNTIFS('Gap Assessment'!$B$2:$B$57,A10,'Gap Assessment'!$F$2:$F$57,"Not Implemented") -> 1 | G10: =IF(C10=0,"-",(D10+0.5*E10)/C10) -> 0.25
A11: 10. Malware Defenses | B11: =COUNTIF('Gap Assessment'!$B$2:$B$57,A11) -> 3 | C11: =COUNTIFS('Gap Assessment'!$B$2:$B$57,A11,'Gap Assessment'!$F$2:$F$57,"<>") -> 3 | D11: =COUNTIFS('Gap Assessment'!$B$2:$B$57,A11,'Gap Assessment'!$F$2:$F$57,"Implemented") -> 1 | E11: =COUNTIFS('Gap Assessment'!$B$2:$B$57,A11,'Gap Assessment'!$F$2:$F$57,"Partial") -> 1 | F11: =COUNTIFS('Gap Assessment'!$B$2:$B$57,A11,'Gap Assessment'!$F$2:$F$57,"Not Implemented") -> 1 | G11: =IF(C11=0,"-",(D11+0.5*E11)/C11) -> 0.5
A12: 11. Data Recovery | B12: =COUNTIF('Gap Assessment'!$B$2:$B$57,A12) -> 4 | C12: =COUNTIFS('Gap Assessment'!$B$2:$B$57,A12,'Gap Assessment'!$F$2:$F$57,"<>") -> 4 | D12: =COUNTIFS('Gap Assessment'!$B$2:$B$57,A12,'Gap Assessment'!$F$2:$F$57,"Implemented") -> 1 | E12: =COUNTIFS('Gap Assessment'!$B$2:$B$57,A12,'Gap Assessment'!$F$2:$F$57,"Partial") -> 0 | F12: =COUNTIFS('Gap Assessment'!$B$2:$B$57,A12,'Gap Assessment'!$F$2:$F$57,"Not Implemented") -> 3 | G12: =IF(C12=0,"-",(D12+0.5*E12)/C12) -> 0.25
A13: 12. Network Infrastructure Management | B13: =COUNTIF('Gap Assessment'!$B$2:$B$57,A13) -> 1 | C13: =COUNTIFS('Gap Assessment'!$B$2:$B$57,A13,'Gap Assessment'!$F$2:$F$57,"<>") -> 1 | D13: =COUNTIFS('Gap Assessment'!$B$2:$B$57,A13,'Gap Assessment'!$F$2:$F$57,"Implemented") -> 0 | E13: =COUNTIFS('Gap Assessment'!$B$2:$B$57,A13,'Gap Assessment'!$F$2:$F$57,"Partial") -> 0 | F13: =COUNTIFS('Gap Assessment'!$B$2:$B$57,A13,'Gap Assessment'!$F$2:$F$57,"Not Implemented") -> 1 | G13: =IF(C13=0,"-",(D13+0.5*E13)/C13) -> 0
... A16: 17. Incident Response Management | B16: =COUNTIF('Gap Assessment'!$B$2:$B$57,A16) -> 3 | C16: =COUNTIFS('Gap Assessment'!$B$2:$B$57,A16,'Gap Assessment'!$F$2:$F$57,"<>") -> 3 | D16: =COUNTIFS('Gap Assessment'!$B$2:$B$57,A16,'Gap Assessment'!$F$2:$F$57,"Implemented") -> 0 | E16: =COUNTIFS('Gap Assessment'!$B$2:$B$57,A16,'Gap Assessment'!$F$2:$F$57,"Partial") -> 0 | F16: =COUNTIFS('Gap Assessment'!$B$2:$B$57,A16,'Gap Assessment'!$F$2:$F$57,"Not Implemented") -> 3 | G16: =IF(C16=0,"-",(D16+0.5*E16)/C16) -> 0
A17: Total | B17: =SUM(B2:B16) -> 56 | C17: =SUM(C2:C16) -> 56 | D17: =SUM(D2:D16) -> 2 | E17: =SUM(E2:E16) -> 11 | F17: =SUM(F2:F16) -> 43 | G17: =IF(C17=0,"-",(D17+0.5*E17)/C17) -> 0.13392857
A19: Coverage = (Implemented + 0.5 x Partial) / Scored. Controls 13, 16, and 18 have no IG1 safeguards.

Sheet Roadmap
A1: Phase | B1: Safeguard | C1: Action | D1: Linked Risk | E1: Owner | F1: Effort
A2: 0-30 days | B2: 6.3, 6.4 | C2: Turn on app-based MFA for the client portal, email, banking, domain registrar, and VPN | D2: R-03, R-04, R-09, R-10, R-14 | E2: Office manager + IT provider | F2: Low
A3: 0-30 days | B3: 5.3, 6.2 | C3: Disable all former staff accounts and key fobs; create an offboarding checklist | D3: R-01, R-13 | E3: Office manager | F3: Low
A4: 0-30 days | B4: 11.1, 11.3, 11.4 | C4: Add an offline backup copy, run a test restore, and document the recovery steps | D4: R-08 | E4: IT provider | F4: Medium
A5: 0-30 days | B5: 12.1, 7.3 | C5: Update the VPN gateway firmware and confirm laptops are on current OS updates | D5: R-09 | E5: IT provider | F5: Low
A6: 0-30 days | B6: 14.1, 14.2 | C6: Start a security awareness program, beginning with phishing training | D6: R-04 | E6: Managing partner | F6: Low
A7: 0-30 days | B7: 17.1 | C7: Name one person to lead incident response (Medium priority, included because it costs almost nothing) | D7: R-08 | E7: Managing partner | F7: Low
A8: 31-60 days | B8: 5.1, 5.2 | C8: Build an account inventory; roll out a password manager and end shared logins and browser-saved passwords | D8: R-01, R-11, R-14 | E8: Office manager | F8: Medium
A9: 31-60 days | B9: 3.6 | C9: Turn on full-disk encryption on all laptops and phones | D9: R-06 | E9: IT provider | F9: Medium
A10: 31-60 days | B10: 7.1, 7.2 | C10: Write a vulnerability management process with patch timelines by severity | D10: R-09 | E10: IT provider | F10: Medium
A11: 31-60 days | B11: 4.2, 4.4, 4.6 | C11: Set a secure configuration standard for network devices, secure the VPN admin interface, and review server firewall rules | D11: R-08, R-09 | E11: IT provider | F11: Medium
A12: 31-60 days | B12: 15.1 | C12: List all service providers and API integrations, with an owner for each | D12: R-11 | E12: Office manager | F12: Low
... A15: 61-90 days | B15: 14.4, 14.5, 14.8 | C15: Train staff on data handling, accidental exposure, and public Wi-Fi | D15: R-04, R-06, R-15 | E15: Office manager | F15: Low
A17: Covers all 27 High-priority safeguards, plus 17.1. Medium and Low gaps come after this 90-day plan.
A18: Owners are assumptions: Apex has no IT staff, so technical work is assigned to an outside IT provider.
A19: Effort: Low = days and little or no cost; Medium = weeks or a new tool; High = a firm-wide process change.
